ID,SPACE_LOCATION
5000,SL_20
5010,SL_20_10
5020,SL_20_10_47
5030,SL_20_10_49
5040,SL_20_15
5050,SL_20_15_15
5060,SL_20_15_27
5070,SL_20_15_50
5080,SL_20_15_59
5090,SL_20_15_61
5100,SL_20_15_71
5110,SL_20_15_73
5120,SL_20_45
5130,SL_20_45_27
5140,SL_20_45_29
5150,SL_20_45_30
5160,SL_20_45_31
5170,SL_20_45_53
5180,SL_20_45_95
5190,SL_20_45_96
5200,SL_20_50
5210,SL_20_50_03
5220,SL_20_50_05
5230,SL_20_50_10
5240,SL_20_50_12
5250,SL_20_50_22
5260,SL_20_50_29
5270,SL_20_50_30
5280,SL_20_50_32
5290,SL_20_50_36
5300,SL_20_50_37
5310,SL_20_50_47
5320,SL_20_50_51
5330,SL_20_50_55
5340,SL_20_50_70
5350,SL_20_50_72
5360,SL_20_50_85
5370,SL_20_50_86
5380,SL_20_50_87
5390,SL_20_50_96
5400,SL_20_55
5410,SL_20_55_45
5420,SL_20_55_50
5430,SL_20_55_60
5440,SL_20_55_65
5450,SL_20_60
5460,SL_20_60_08
5470,SL_20_60_27
5480,SL_20_60_70
5490,SL_20_60_98
5500,SL_20_62
5510,SL_20_62_65
5520,SL_20_65
5530,SL_20_65_15
5540,SL_20_65_28
5550,SL_20_65_39
5560,SL_20_65_40
5570,SL_20_65_41
5580,SL_20_65_42
5590,SL_20_65_65
5600,SL_20_70
5610,SL_20_70_15
5620,SL_20_70_18
5630,SL_20_70_23
5640,SL_20_70_28
5650,SL_20_70_41
5660,SL_20_70_44
5670,SL_20_70_97
5680,SL_20_75
5690,SL_20_75_13
5700,SL_20_75_15
5710,SL_20_75_22
5720,SL_20_75_28
5730,SL_20_75_35
5740,SL_20_75_38
5750,SL_20_75_75
5760,SL_20_75_77
5770,SL_20_75_95
5780,SL_20_80
5790,SL_20_80_03
5800,SL_20_80_30
5810,SL_20_80_63
5820,SL_20_80_72
5830,SL_20_85
5840,SL_20_85_63
5850,SL_20_85_75
5860,SL_20_85_80
5870,SL_20_85_95
5880,SL_20_90
5890,SL_20_90_25
5900,SL_20_90_28
5910,SL_20_90_30
5920,SL_20_90_31
5930,SL_20_90_60
5940,SL_20_95
5950,SL_20_95_20
5960,SL_20_95_28
5970,SL_20_95_30
5980,SL_20_95_32
5990,SL_20_95_80
6000,SL_25
6010,SL_25_05
6020,SL_25_05_72
6030,SL_25_10
6040,SL_25_10_01
6050,SL_25_10_04
6060,SL_25_10_05
6070,SL_25_10_08
6080,SL_25_10_13
6090,SL_25_10_14
6100,SL_25_10_15
6110,SL_25_10_17
6120,SL_25_10_21
6130,SL_25_10_22
6140,SL_25_10_24
6150,SL_25_10_25
6160,SL_25_10_26
6170,SL_25_10_28
6180,SL_25_10_30
6190,SL_25_10_39
6200,SL_25_10_40
6210,SL_25_10_41
6220,SL_25_10_44
6230,SL_25_10_46
6240,SL_25_10_47
6250,SL_25_10_53
6260,SL_25_10_54
6270,SL_25_10_55
6280,SL_25_10_57
6290,SL_25_10_58
6300,SL_25_10_60
6310,SL_25_10_61
6320,SL_25_10_66
6330,SL_25_10_67
6340,SL_25_10_68
6350,SL_25_10_72
6360,SL_25_10_74
6370,SL_25_10_75
6380,SL_25_10_76
6390,SL_25_10_77
6400,SL_25_10_78
6410,SL_25_10_79
6420,SL_25_10_81
6430,SL_25_10_84
6440,SL_25_20
6450,SL_25_20_04
6460,SL_25_20_18
6470,SL_25_20_23
6480,SL_25_30
6490,SL_25_30_02
6500,SL_25_30_04
6510,SL_25_30_05
6520,SL_25_30_07
6530,SL_25_30_10
6540,SL_25_30_13
6550,SL_25_30_14
6560,SL_25_30_15
6570,SL_25_30_16
6580,SL_25_30_17
6590,SL_25_30_19
6600,SL_25_30_21
6610,SL_25_30_22
6620,SL_25_30_23
6630,SL_25_30_26
6640,SL_25_30_27
6650,SL_25_30_28
6660,SL_25_30_29
6670,SL_25_30_30
6680,SL_25_30_31
6690,SL_25_30_32
6700,SL_25_30_33
6710,SL_25_30_42
6720,SL_25_30_46
6730,SL_25_30_47
6740,SL_25_30_50
6750,SL_25_30_66
6760,SL_25_30_68
6770,SL_25_30_70
6780,SL_25_30_76
6790,SL_25_30_78
6800,SL_25_30_88
6810,SL_25_40
6820,SL_25_40_03
6830,SL_25_40_11
6840,SL_25_40_15
6850,SL_25_40_22
6860,SL_25_40_23
6870,SL_25_40_27
6880,SL_25_40_36
6890,SL_25_40_38
6900,SL_25_40_40
6910,SL_25_40_42
6920,SL_25_40_50
6930,SL_25_40_51
6940,SL_25_40_61
6950,SL_25_40_65
6960,SL_25_40_90
6970,SL_25_40_94
6980,SL_25_50
6990,SL_25_50_15
7000,SL_25_50_16
7010,SL_25_50_21
7020,SL_25_50_26
7030,SL_25_50_29
7040,SL_25_50_31
7050,SL_25_50_42
7060,SL_25_50_63
7070,SL_25_50_94
7080,SL_25_70
7090,SL_25_70_02
7100,SL_25_70_04
7110,SL_25_70_05
7120,SL_25_70_13
7130,SL_25_70_47
7140,SL_25_70_72
7150,SL_25_70_73
7160,SL_25_75
7170,SL_25_75_04
7180,SL_25_75_37
7190,SL_25_75_40
7200,SL_25_75_45
7210,SL_25_75_47
7220,SL_25_75_55
7230,SL_25_75_76
7240,SL_25_75_80
7250,SL_25_75_82
7260,SL_25_80
7270,SL_25_80_22
7280,SL_25_80_27
7290,SL_25_80_30
7300,SL_25_80_75
7310,SL_25_90
7320,SL_25_90_30
7330,SL_25_90_65
7340,SL_25_90_78
7350,SL_30
7360,SL_30_10
7370,SL_30_10_57
7380,SL_30_10_59
7390,SL_30_10_69
7400,SL_30_10_85
7410,SL_30_10_91
7420,SL_30_10_93
7430,SL_30_10_94
7440,SL_30_20
7450,SL_30_20_70
7460,SL_30_20_75
7470,SL_30_30
7480,SL_30_30_33
7490,SL_30_30_58
7500,SL_30_30_59
7510,SL_30_40
7520,SL_30_40_07
7530,SL_30_40_10
7540,SL_30_40_18
7550,SL_30_40_30
7560,SL_30_40_32
7570,SL_30_40_44
7580,SL_30_40_50
7590,SL_30_40_54
7600,SL_30_40_63
7610,SL_30_40_65
7620,SL_30_40_75
7630,SL_30_40_80
7640,SL_30_40_82
7650,SL_30_40_87
7660,SL_30_40_88
7670,SL_30_40_90
7680,SL_30_40_96
7690,SL_30_40_98
7700,SL_30_50
7710,SL_30_50_27
7720,SL_30_50_30
7730,SL_30_50_40
7740,SL_30_50_43
7750,SL_30_50_50
7760,SL_30_50_60
7770,SL_30_50_61
7780,SL_30_50_62
7790,SL_30_50_64
7800,SL_30_60
7810,SL_30_60_11
7820,SL_30_60_13
7830,SL_30_60_22
7840,SL_30_60_24
7850,SL_30_60_42
7860,SL_30_60_46
7870,SL_30_60_47
7880,SL_30_60_50
7890,SL_30_60_75
7900,SL_30_60_93
7910,SL_30_60_94
7920,SL_30_60_96
7930,SL_30_80
7940,SL_30_80_96
7950,SL_30_80_97
7960,SL_30_85
7970,SL_30_85_08
7980,SL_30_85_20
7990,SL_30_85_22
8000,SL_30_85_24
8010,SL_30_85_30
8020,SL_30_90
8030,SL_30_90_33
8040,SL_30_90_48
8050,SL_30_90_80
8060,SL_30_90_84
8070,SL_30_90_96
8080,SL_32
8090,SL_32_10
8100,SL_32_10_03
8110,SL_32_10_26
8120,SL_32_10_28
8130,SL_32_10_30
8140,SL_32_10_34
8150,SL_32_10_37
8160,SL_32_10_39
8170,SL_32_10_47
8180,SL_32_10_52
8190,SL_32_10_55
8200,SL_32_10_60
8210,SL_32_10_65
8220,SL_32_10_66
8230,SL_32_10_77
8240,SL_32_10_78
8250,SL_32_10_94
8260,SL_32_35
8270,SL_32_35_02
8280,SL_32_35_04
8290,SL_32_35_22
8300,SL_32_35_24
8310,SL_32_35_30
8320,SL_32_35_46
8330,SL_32_35_60
8340,SL_32_35_94
8350,SL_32_40
8360,SL_32_40_06
8370,SL_32_40_26
8380,SL_32_40_27
8390,SL_32_40_28
8400,SL_32_40_29
8410,SL_32_40_30
8420,SL_32_40_31
8430,SL_32_40_32
8440,SL_32_40_37
8450,SL_32_40_38
8460,SL_32_40_70
8470,SL_32_40_71
8480,SL_32_40_90
8490,SL_32_50
8500,SL_32_50_03
8510,SL_32_50_06
8520,SL_32_50_11
8530,SL_32_50_12
8540,SL_32_50_18
8550,SL_32_50_30
8560,SL_32_50_43
8570,SL_32_50_44
8580,SL_32_50_45
8590,SL_32_50_46
8600,SL_32_50_47
8610,SL_32_50_53
8620,SL_32_50_68
8630,SL_32_50_69
8640,SL_32_50_72
8650,SL_32_50_76
8660,SL_32_50_79
8670,SL_32_65
8680,SL_32_65_12
8690,SL_32_65_71
8700,SL_32_65_72
8710,SL_32_65_74
8720,SL_32_65_75
8730,SL_32_80
8740,SL_32_80_03
8750,SL_32_80_08
8760,SL_32_80_23
8770,SL_32_80_46
8780,SL_32_80_47
8790,SL_32_80_48
8800,SL_32_80_49
8810,SL_32_80_50
8820,SL_32_80_89
8830,SL_32_80_95
8840,SL_32_80_96
8850,SL_32_80_97
8860,SL_32_85
8870,SL_32_85_06
8880,SL_32_85_10
8890,SL_32_85_15
8900,SL_32_85_30
8910,SL_32_85_35
8920,SL_32_85_42
8930,SL_32_85_60
8940,SL_32_85_65
8950,SL_32_85_70
8960,SL_32_85_81
8970,SL_32_85_82
8980,SL_32_85_83
8990,SL_32_85_84
9000,SL_32_85_94
9010,SL_32_85_95
9020,SL_32_85_96
9030,SL_32_85_97
9040,SL_32_85_98
9050,SL_32_95
9060,SL_32_95_15
9070,SL_32_95_18
9080,SL_32_95_20
9090,SL_32_95_29
9100,SL_32_95_30
9110,SL_35
9120,SL_35_10
9130,SL_35_10_08
9140,SL_35_10_10
9150,SL_35_10_15
9160,SL_35_10_30
9170,SL_35_10_31
9180,SL_35_10_36
9190,SL_35_10_39
9200,SL_35_10_42
9210,SL_35_10_43
9220,SL_35_10_51
9230,SL_35_10_53
9240,SL_35_10_58
9250,SL_35_10_59
9260,SL_35_10_64
9270,SL_35_10_65
9280,SL_35_10_66
9290,SL_35_10_70
9300,SL_35_10_71
9310,SL_35_10_73
9320,SL_35_10_74
9330,SL_35_10_88
9340,SL_35_10_96
9350,SL_35_10_97
9360,SL_35_50
9370,SL_35_50_17
9380,SL_35_50_21
9390,SL_35_50_60
9400,SL_35_50_69
9410,SL_35_50_75
9420,SL_35_50_78
9430,SL_35_50_90
9440,SL_35_60
9450,SL_35_60_14
9460,SL_35_60_16
9470,SL_35_60_30
9480,SL_35_60_45
9490,SL_35_60_56
9500,SL_35_60_78
9510,SL_35_70
9520,SL_35_70_12
9530,SL_35_70_15
9540,SL_35_70_18
9550,SL_35_70_32
9560,SL_35_70_50
9570,SL_35_70_90
9580,SL_35_80
9590,SL_35_80_00
9600,SL_35_80_01
9610,SL_35_80_03
9620,SL_35_80_06
9630,SL_35_80_08
9640,SL_35_80_39
9650,SL_35_80_59
9660,SL_35_80_68
9670,SL_35_80_80
9680,SL_35_80_85
9690,SL_35_80_89
9700,SL_35_85
9710,SL_35_85_00
9720,SL_35_85_01
9730,SL_35_85_03
9740,SL_35_85_04
9750,SL_35_85_05
9760,SL_35_85_12
9770,SL_35_85_39
9780,SL_35_85_45
9790,SL_35_85_47
9800,SL_35_85_62
9810,SL_35_85_83
9820,SL_35_85_84
9830,SL_35_85_85
9840,SL_35_85_86
9850,SL_35_85_88
9860,SL_35_90
9870,SL_35_90_10
9880,SL_35_90_15
9890,SL_35_90_22
9900,SL_35_90_32
9910,SL_35_90_34
9920,SL_35_90_37
9930,SL_35_90_59
9940,SL_35_90_72
9950,SL_40
9960,SL_40_05
9970,SL_40_05_03
9980,SL_40_05_13
9990,SL_40_05_27
10000,SL_40_05_42
10010,SL_40_05_43
10020,SL_40_05_58
10030,SL_40_05_59
10040,SL_40_05_60
10050,SL_40_05_68
10060,SL_40_05_79
10070,SL_40_05_81
10080,SL_40_20
10090,SL_40_20_06
10100,SL_40_20_09
10110,SL_40_20_22
10120,SL_40_20_27
10130,SL_40_20_28
10140,SL_40_20_42
10150,SL_40_20_43
10160,SL_40_20_59
10170,SL_40_35
10180,SL_40_35_65
10190,SL_40_55
10200,SL_40_55_04
10210,SL_40_55_34
10220,SL_40_55_36
10230,SL_40_55_59
10240,SL_40_55_61
10250,SL_40_55_64
10260,SL_40_55_97
10270,SL_40_60
10280,SL_40_60_05
10290,SL_40_60_06
10300,SL_40_60_11
10310,SL_40_60_13
10320,SL_40_60_21
10330,SL_40_60_31
10340,SL_40_60_40
10350,SL_40_60_52
10360,SL_40_60_58
10370,SL_40_60_59
10380,SL_40_60_78
10390,SL_40_60_80
10400,SL_40_60_81
10410,SL_40_65
10420,SL_40_65_04
10430,SL_40_65_24
10440,SL_40_65_35
10450,SL_40_65_47
10460,SL_40_65_66
10470,SL_40_65_70
10480,SL_40_65_72
10490,SL_40_65_76
10500,SL_40_65_79
10510,SL_40_65_80
10520,SL_40_65_85
10530,SL_42
10540,SL_42_15
10550,SL_42_15_04
10560,SL_42_15_17
10570,SL_42_15_18
10580,SL_42_15_32
10590,SL_42_15_33
10600,SL_42_15_34
10610,SL_42_15_36
10620,SL_42_15_37
10630,SL_42_15_44
10640,SL_42_15_47
10650,SL_42_15_55
10660,SL_42_15_59
10670,SL_42_15_60
10680,SL_42_15_65
10690,SL_42_15_72
10700,SL_42_15_74
10710,SL_42_15_78
10720,SL_42_40
10730,SL_42_40_09
10740,SL_42_40_14
10750,SL_42_40_20
10760,SL_42_40_23
10770,SL_42_40_30
10780,SL_42_40_35
10790,SL_42_40_37
10800,SL_42_40_42
10810,SL_42_40_79
10820,SL_42_40_82
10830,SL_42_40_83
10840,SL_42_40_90
10850,SL_42_55
10860,SL_42_55_01
10870,SL_42_55_06
10880,SL_42_55_07
10890,SL_42_55_08
10900,SL_42_55_17
10910,SL_42_55_18
10920,SL_42_55_19
10930,SL_42_55_20
10940,SL_42_55_21
10950,SL_42_55_23
10960,SL_42_55_26
10970,SL_42_55_35
10980,SL_42_55_39
10990,SL_42_55_52
11000,SL_42_55_53
11010,SL_42_55_56
11020,SL_42_55_58
11030,SL_42_55_60
11040,SL_42_55_65
11050,SL_42_55_72
11060,SL_42_55_76
11070,SL_42_55_82
11080,SL_42_55_90
11090,SL_42_55_96
11100,SL_42_80
11110,SL_42_80_65
11120,SL_42_80_88
11130,SL_42_85
11140,SL_42_85_23
11150,SL_42_85_41
11160,SL_42_85_59
11170,SL_42_85_64
11180,SL_42_85_80
11190,SL_42_85_82
11200,SL_42_85_94
11210,SL_42_85_97
11220,SL_42_85_98
11230,SL_42_90
11240,SL_42_90_11
11250,SL_42_90_12
11260,SL_42_90_50
11270,SL_42_90_73
11280,SL_42_90_75
11290,SL_42_90_97
11300,SL_42_90_98
11310,SL_42_95
11320,SL_42_95_02
11330,SL_42_95_04
11340,SL_42_95_08
11350,SL_42_95_19
11360,SL_42_95_20
11370,SL_42_95_32
11380,SL_42_95_40
11390,SL_42_95_76
11400,SL_42_95_79
11410,SL_42_95_80
11420,SL_42_95_83
11430,SL_45
11440,SL_45_10
11450,SL_45_10_06
11460,SL_45_10_08
11470,SL_45_10_09
11480,SL_45_10_12
11490,SL_45_10_14
11500,SL_45_10_16
11510,SL_45_10_18
11520,SL_45_10_22
11530,SL_45_10_23
11540,SL_45_10_24
11550,SL_45_10_37
11560,SL_45_10_44
11570,SL_45_10_45
11580,SL_45_10_49
11590,SL_45_10_57
11600,SL_45_10_60
11610,SL_45_10_85
11620,SL_45_10_88
11630,SL_45_10_93
11640,SL_45_10_94
11650,SL_50
11660,SL_50_10
11670,SL_50_10_94
11680,SL_50_20
11690,SL_50_25
11700,SL_50_25_36
11710,SL_50_25_41
11720,SL_50_25_59
11730,SL_50_30
11740,SL_50_30_68
11750,SL_50_35
11760,SL_50_35_08
11770,SL_50_35_60
11780,SL_50_40
11790,SL_50_40_24
11800,SL_50_40_72
11810,SL_50_50
11820,SL_50_50_92
11830,SL_50_60
11840,SL_50_60_94
11850,SL_50_60_95
11860,SL_50_70
11870,SL_50_75
11880,SL_50_75_01
11890,SL_50_75_22
11900,SL_50_75_26
11910,SL_50_75_28
11920,SL_50_75_76
11930,SL_50_75_79
11940,SL_50_75_82
11950,SL_50_75_83
11960,SL_50_75_85
11970,SL_50_80
11980,SL_50_80_40
11990,SL_50_80_70
12000,SL_55
12010,SL_55_05
12020,SL_55_05_30
12030,SL_55_05_70
12040,SL_55_10
12050,SL_55_10_10
12060,SL_55_10_50
12070,SL_55_15
12080,SL_55_15_10
12090,SL_55_15_50
12100,SL_55_15_70
12110,SL_55_20
12120,SL_55_20_34
12130,SL_55_20_65
12140,SL_55_30
12150,SL_55_30_80
12160,SL_55_40
12170,SL_55_50
12180,SL_55_50_32
12190,SL_55_50_58
12200,SL_55_60
12210,SL_55_65
12220,SL_55_70
12230,SL_55_70_65
12240,SL_55_70_95
12250,SL_55_90
12260,SL_60
12270,SL_60_30
12280,SL_60_40
12290,SL_60_60
12300,SL_60_80
12310,SL_60_80_25
12320,SL_70
12330,SL_70_10
12340,SL_70_10_82
12350,SL_70_10_91
12360,SL_70_30
12370,SL_70_30_26
12380,SL_70_30_35
12390,SL_70_30_45
12400,SL_70_30_92
12410,SL_75
12420,SL_75_10
12430,SL_75_10_21
12440,SL_75_10_23
12450,SL_75_10_70
12460,SL_75_10_73
12470,SL_75_10_88
12480,SL_75_10_89
12490,SL_75_10_90
12500,SL_75_10_91
12510,SL_75_10_93
12520,SL_75_30
12530,SL_75_30_80
12540,SL_75_40
12550,SL_75_40_28
12560,SL_75_50
12570,SL_75_50_30
12580,SL_75_60
12590,SL_75_70
12600,SL_75_80
12610,SL_80
12620,SL_80_05
12630,SL_80_05_02
12640,SL_80_05_03
12650,SL_80_05_04
12660,SL_80_05_05
12670,SL_80_05_06
12680,SL_80_05_07
12690,SL_80_05_33
12700,SL_80_05_37
12710,SL_80_05_38
12720,SL_80_05_82
12730,SL_80_05_84
12740,SL_80_10
12750,SL_80_10_06
12760,SL_80_10_07
12770,SL_80_10_09
12780,SL_80_10_10
12790,SL_80_10_12
12800,SL_80_10_13
12810,SL_80_10_16
12820,SL_80_10_20
12830,SL_80_10_22
12840,SL_80_10_55
12850,SL_80_10_60
12860,SL_80_10_77
12870,SL_80_10_80
12880,SL_80_10_94
12890,SL_80_15
12900,SL_80_15_01
12910,SL_80_15_04
12920,SL_80_15_06
12930,SL_80_15_79
12940,SL_80_15_81
12950,SL_80_15_82
12960,SL_80_20
12970,SL_80_20_13
12980,SL_80_30
12990,SL_80_30_34
13000,SL_80_30_35
13010,SL_80_35
13020,SL_80_35_04
13030,SL_80_35_08
13040,SL_80_35_11
13050,SL_80_35_13
13060,SL_80_35_16
13070,SL_80_35_18
13080,SL_80_35_19
13090,SL_80_35_20
13100,SL_80_35_22
13110,SL_80_35_36
13120,SL_80_35_37
13130,SL_80_35_39
13140,SL_80_35_40
13150,SL_80_35_42
13160,SL_80_35_44
13170,SL_80_35_45
13180,SL_80_35_46
13190,SL_80_35_57
13200,SL_80_35_59
13210,SL_80_35_62
13220,SL_80_35_63
13230,SL_80_35_64
13240,SL_80_35_66
13250,SL_80_35_70
13260,SL_80_35_71
13270,SL_80_35_72
13280,SL_80_35_74
13290,SL_80_35_77
13300,SL_80_35_78
13310,SL_80_35_80
13320,SL_80_35_81
13330,SL_80_35_87
13340,SL_80_35_90
13350,SL_80_35_94
13360,SL_80_40
13370,SL_80_40_15
13380,SL_80_40_60
13390,SL_80_45
13400,SL_80_45_01
13410,SL_80_45_09
13420,SL_80_45_11
13430,SL_80_45_13
13440,SL_80_45_15
13450,SL_80_45_40
13460,SL_80_45_59
13470,SL_80_45_91
13480,SL_80_50
13490,SL_80_50_11
13500,SL_80_50_24
13510,SL_80_50_26
13520,SL_80_50_27
13530,SL_80_50_28
13540,SL_80_50_29
13550,SL_80_50_44
13560,SL_80_50_47
13570,SL_80_50_50
13580,SL_80_50_58
13590,SL_80_50_70
13600,SL_80_50_71
13610,SL_80_50_72
13620,SL_80_50_74
13630,SL_80_50_76
13640,SL_80_50_77
13650,SL_80_50_79
13660,SL_80_50_80
13670,SL_80_50_85
13680,SL_80_50_88
13690,SL_80_50_90
13700,SL_80_50_92
13710,SL_80_50_95
13720,SL_80_50_97
13730,SL_80_70
13740,SL_80_70_11
13750,SL_80_70_33
13760,SL_80_70_37
13770,SL_80_70_46
13780,SL_80_70_48
13790,SL_80_70_96
13800,SL_80_90
13810,SL_80_92
13820,SL_80_92_34
13830,SL_80_92_37
13840,SL_80_92_94
13850,SL_80_94
13860,SL_80_94_02
13870,SL_80_94_07
13880,SL_80_94_09
13890,SL_80_94_71
13900,SL_80_96
13910,SL_80_96_15
13920,SL_80_96_18
13930,SL_80_96_20
13940,SL_80_96_58
13950,SL_80_96_60
13960,SL_80_96_64
13970,SL_80_96_78
13980,SL_80_98
13990,SL_80_98_09
14000,SL_80_98_15
14010,SL_80_98_46
14020,SL_80_98_48
14030,SL_80_98_75
14040,SL_80_98_85
14050,SL_80_98_90
14060,SL_80_98_97
14070,SL_90
14080,SL_90_10
14090,SL_90_10_02
14100,SL_90_10_04
14110,SL_90_10_08
14120,SL_90_10_15
14130,SL_90_10_16
14140,SL_90_10_17
14150,SL_90_10_24
14160,SL_90_10_27
14170,SL_90_10_28
14180,SL_90_10_34
14190,SL_90_10_36
14200,SL_90_10_46
14210,SL_90_10_47
14220,SL_90_10_51
14230,SL_90_10_64
14240,SL_90_10_68
14250,SL_90_10_71
14260,SL_90_10_77
14270,SL_90_10_87
14280,SL_90_10_90
14290,SL_90_10_94
14300,SL_90_10_95
14310,SL_90_10_96
14320,SL_90_20
14330,SL_90_20_01
14340,SL_90_20_02
14350,SL_90_20_04
14360,SL_90_20_05
14370,SL_90_20_08
14380,SL_90_20_13
14390,SL_90_20_14
14400,SL_90_20_15
14410,SL_90_20_16
14420,SL_90_20_27
14430,SL_90_20_69
14440,SL_90_20_80
14450,SL_90_20_82
14460,SL_90_20_83
14470,SL_90_20_85
14480,SL_90_20_86
14490,SL_90_20_88
14500,SL_90_20_89
14510,SL_90_20_96
14520,SL_90_20_98
14530,SL_90_30
14540,SL_90_30_25
14550,SL_90_30_30
14560,SL_90_30_80
14570,SL_90_30_90
14580,SL_90_40
14590,SL_90_40_46
14600,SL_90_50
14610,SL_90_50_04
14620,SL_90_50_06
14630,SL_90_50_07
14640,SL_90_50_08
14650,SL_90_50_09
14660,SL_90_50_11
14670,SL_90_50_12
14680,SL_90_50_13
14690,SL_90_50_14
14700,SL_90_50_15
14710,SL_90_50_16
14720,SL_90_50_17
14730,SL_90_50_18
14740,SL_90_50_19
14750,SL_90_50_22
14760,SL_90_50_25
14770,SL_90_50_27
14780,SL_90_50_28
14790,SL_90_50_29
14800,SL_90_50_30
14810,SL_90_50_31
14820,SL_90_50_32
14830,SL_90_50_33
14840,SL_90_50_35
14850,SL_90_50_36
14860,SL_90_50_37
14870,SL_90_50_38
14880,SL_90_50_44
14890,SL_90_50_45
14900,SL_90_50_46
14910,SL_90_50_47
14920,SL_90_50_48
14930,SL_90_50_52
14940,SL_90_50_54
14950,SL_90_50_55
14960,SL_90_50_65
14970,SL_90_50_71
14980,SL_90_50_73
14990,SL_90_50_77
15000,SL_90_50_80
15010,SL_90_50_82
15020,SL_90_50_84
15030,SL_90_50_85
15040,SL_90_50_86
15050,SL_90_50_87
15060,SL_90_50_88
15070,SL_90_50_90
15080,SL_90_50_93
15090,SL_90_50_98
15100,SL_90_60
15110,SL_90_60_01
15120,SL_90_60_02
15130,SL_90_60_10
15140,SL_90_60_13
15150,SL_90_60_18
15160,SL_90_60_30
15170,SL_90_60_49
15180,SL_90_60_50
15190,SL_90_60_51
15200,SL_90_60_64
15210,SL_90_60_72
15220,SL_90_60_74
15230,SL_90_90
15240,SL_90_90_01
15250,SL_90_90_08
15260,SL_90_90_13
15270,SL_90_90_15
15280,SL_90_90_32
15290,SL_90_90_42
15300,SL_90_90_48
15310,SL_90_90_63
15320,SL_90_90_64
15330,SL_90_90_68
15340,SL_90_90_77
15350,SL_90_90_78
15360,SL_90_90_85
15370,SL_90_90_87
15380,SL_90_90_90
15390,SL_90_90_96