ID,ENTITY
16000,En_20
16010,En_20_10
16020,En_20_10_45
16030,En_20_15
16040,En_20_15_10
16050,En_20_15_70
16060,En_20_20
16070,En_20_20_10
16080,En_20_20_40
16090,En_20_20_50
16100,En_20_20_70
16110,En_20_45
16120,En_20_45_50
16130,En_20_45_54
16140,En_20_50
16150,En_20_50_05
16160,En_20_50_22
16170,En_20_50_29
16180,En_20_50_50
16190,En_20_50_53
16200,En_20_50_55
16210,En_20_50_80
16220,En_20_50_85
16230,En_20_50_97
16240,En_20_55
16250,En_20_55_65
16260,En_20_55_80
16270,En_20_60
16280,En_20_60_02
16290,En_20_60_10
16300,En_20_60_56
16310,En_20_65
16320,En_20_65_09
16330,En_20_70
16340,En_20_70_40
16350,En_20_75
16360,En_20_75_10
16370,En_20_80
16380,En_20_80_29
16390,En_20_80_30
16400,En_20_85
16410,En_20_85_15
16420,En_20_85_30
16430,En_20_90
16440,En_20_90_10
16450,En_20_90_15
16460,En_25
16470,En_25_05
16480,En_25_05_35
16490,En_25_05_50
16500,En_25_05_55
16510,En_25_10
16520,En_25_10_10
16530,En_25_10_20
16540,En_25_10_30
16550,En_25_10_40
16560,En_25_10_50
16570,En_25_10_60
16580,En_25_10_70
16590,En_25_30
16600,En_25_30_40
16610,En_25_30_50
16620,En_25_30_60
16630,En_25_30_66
16640,En_25_30_70
16650,En_25_30_77
16660,En_25_30_90
16670,En_25_50
16680,En_25_50_02
16690,En_25_50_04
16700,En_25_50_15
16710,En_25_50_29
16720,En_25_50_30
16730,En_25_50_31
16740,En_25_50_32
16750,En_25_50_54
16760,En_25_70
16770,En_25_70_02
16780,En_25_70_13
16790,En_25_70_42
16800,En_25_70_47
16810,En_25_90
16820,En_25_90_30
16830,En_30
16840,En_30_10
16850,En_30_10_57
16860,En_30_10_80
16870,En_30_10_85
16880,En_30_10_86
16890,En_30_10_90
16900,En_30_20
16910,En_30_20_15
16920,En_30_20_30
16930,En_30_20_35
16940,En_30_20_45
16950,En_30_20_60
16960,En_30_20_70
16970,En_30_20_75
16980,En_30_30
16990,En_30_30_33
17000,En_30_30_58
17010,En_30_30_59
17020,En_30_40
17030,En_30_40_01
17040,En_30_40_20
17050,En_30_40_30
17060,En_30_40_40
17070,En_30_40_90
17080,En_30_50
17090,En_30_50_15
17100,En_30_50_50
17110,En_30_60
17120,En_30_60_20
17130,En_30_60_40
17140,En_30_60_50
17150,En_30_60_94
17160,En_30_70
17170,En_30_70_13
17180,En_30_70_15
17190,En_30_70_17
17200,En_30_70_28
17210,En_30_80
17220,En_30_80_96
17230,En_30_80_97
17240,En_30_85
17250,En_30_85_07
17260,En_30_85_08
17270,En_30_85_24
17280,En_30_85_80
17290,En_30_85_97
17300,En_30_90
17310,En_30_90_33
17320,En_30_90_35
17330,En_32
17340,En_32_10
17350,En_32_10_02
17360,En_32_10_04
17370,En_32_10_06
17380,En_32_10_20
17390,En_32_10_28
17400,En_32_10_29
17410,En_32_10_30
17420,En_32_10_31
17430,En_32_10_37
17440,En_32_10_39
17450,En_32_10_40
17460,En_32_10_46
17470,En_32_10_47
17480,En_32_10_93
17490,En_32_10_94
17500,En_32_20
17510,En_32_20_65
17520,En_32_35
17530,En_32_35_05
17540,En_32_35_15
17550,En_32_35_33
17560,En_32_35_36
17570,En_32_35_80
17580,En_32_40
17590,En_32_40_20
17600,En_32_40_26
17610,En_32_40_30
17620,En_32_40_37
17630,En_32_40_90
17640,En_32_50
17650,En_32_50_20
17660,En_32_50_22
17670,En_32_50_44
17680,En_32_50_46
17690,En_32_50_58
17700,En_32_50_63
17710,En_32_50_65
17720,En_32_50_69
17730,En_32_50_96
17740,En_32_50_98
17750,En_32_60
17760,En_32_60_60
17770,En_32_65
17780,En_32_65_06
17790,En_32_65_13
17800,En_32_65_14
17810,En_32_65_15
17820,En_32_65_37
17830,En_32_65_50
17840,En_32_65_51
17850,En_32_65_53
17860,En_32_65_55
17870,En_32_65_59
17880,En_32_65_73
17890,En_32_65_75
17900,En_32_65_76
17910,En_32_65_80
17920,En_32_65_81
17930,En_32_65_82
17940,En_32_65_95
17950,En_32_85
17960,En_32_85_06
17970,En_32_85_10
17980,En_32_85_15
17990,En_32_85_21
18000,En_32_85_23
18010,En_32_85_24
18020,En_32_85_25
18030,En_32_85_30
18040,En_32_85_31
18050,En_32_85_35
18060,En_32_85_45
18070,En_32_85_59
18080,En_32_85_72
18090,En_32_85_75
18100,En_32_85_77
18110,En_32_85_80
18120,En_32_85_82
18130,En_32_85_84
18140,En_32_85_96
18150,En_32_85_97
18160,En_32_85_98
18170,En_32_95
18180,En_32_95_14
18190,En_32_95_16
18200,En_32_95_23
18210,En_32_95_30
18220,En_32_95_59
18230,En_32_95_80
18240,En_32_95_85
18250,En_32_95_86
18260,En_35
18270,En_35_10
18280,En_35_10_10
18290,En_35_50
18300,En_35_50_21
18310,En_35_50_70
18320,En_35_50_94
18330,En_35_70
18340,En_35_70_06
18350,En_35_70_10
18360,En_35_70_11
18370,En_35_70_30
18380,En_35_70_60
18390,En_35_80
18400,En_35_80_10
18410,En_35_80_90
18420,En_35_85
18430,En_35_85_02
18440,En_35_85_03
18450,En_35_85_84
18460,En_35_90
18470,En_35_90_10
18480,En_35_90_30
18490,En_35_90_50
18500,En_40
18510,En_40_05
18520,En_40_05_03
18530,En_40_05_13
18540,En_40_05_27
18550,En_40_05_42
18560,En_40_05_60
18570,En_40_05_68
18580,En_40_20
18590,En_40_20_23
18600,En_40_35
18610,En_40_35_10
18620,En_40_35_36
18630,En_40_60
18640,En_40_60_10
18650,En_40_60_70
18660,En_40_75
18670,En_40_75_10
18680,En_40_75_15
18690,En_40_75_70
18700,En_40_75_94
18710,En_42
18720,En_42_15
18730,En_42_15_04
18740,En_42_15_06
18750,En_42_15_81
18760,En_42_15_82
18770,En_42_40
18780,En_42_40_80
18790,En_42_55
18800,En_42_55_01
18810,En_42_55_18
18820,En_42_55_34
18830,En_42_85
18840,En_42_85_60
18850,En_42_85_83
18860,En_42_90
18870,En_42_95
18880,En_42_95_40
18890,En_42_95_80
18900,En_45
18910,En_45_10
18920,En_45_10_39
18930,En_45_10_47
18940,En_45_10_70
18950,En_45_10_90
18960,En_50
18970,En_50_10
18980,En_50_20
18990,En_50_20_10
19000,En_50_30
19010,En_50_30_25
19020,En_50_35
19030,En_50_35_15
19040,En_50_35_83
19050,En_50_35_85
19060,En_50_35_87
19070,En_50_35_93
19080,En_50_35_98
19090,En_50_35_99
19100,En_50_40
19110,En_50_40_10
19120,En_50_40_11
19130,En_50_40_12
19140,En_50_40_50
19150,En_50_50
19160,En_50_60
19170,En_50_70
19180,En_50_75
19190,En_50_75_20
19200,En_50_75_26
19210,En_50_75_30
19220,En_50_75_42
19230,En_50_75_68
19240,En_50_75_80
19250,En_50_75_95
19260,En_50_75_96
19270,En_50_75_97
19280,En_50_80
19290,En_50_80_40
19300,En_50_80_70
19310,En_55
19320,En_55_05
19330,En_55_05_30
19340,En_55_05_35
19350,En_55_05_38
19360,En_55_05_40
19370,En_55_05_70
19380,En_55_05_75
19390,En_55_05_78
19400,En_55_10
19410,En_55_10_10
19420,En_55_10_45
19430,En_55_10_50
19440,En_55_10_55
19450,En_55_10_58
19460,En_55_15
19470,En_55_15_50
19480,En_55_15_55
19490,En_55_15_72
19500,En_55_15_75
19510,En_55_20
19520,En_55_20_50
19530,En_55_20_60
19540,En_55_30
19550,En_55_40
19560,En_55_50
19570,En_55_50_20
19580,En_55_50_45
19590,En_55_60
19600,En_55_70
19610,En_55_70_85
19620,En_55_70_87
19630,En_55_70_89
19640,En_55_70_91
19650,En_55_90
19660,En_60
19670,En_60_30
19680,En_60_40
19690,En_60_40_10
19700,En_60_40_20
19710,En_60_40_50
19720,En_60_40_60
19730,En_60_60
19740,En_60_80
19750,En_65
19760,En_65_40
19770,En_65_40_80
19780,En_65_80
19790,En_70
19800,En_70_10
19810,En_70_10_10
19820,En_70_10_35
19830,En_70_10_80
19840,En_70_10_90
19850,En_70_30
19860,En_70_30_18
19870,En_70_30_26
19880,En_70_30_28
19890,En_70_30_35
19900,En_70_30_45
19910,En_70_30_60
19920,En_70_30_90
19930,En_75
19940,En_75_10
19950,En_75_10_10
19960,En_75_10_16
19970,En_75_10_20
19980,En_75_30
19990,En_75_30_10
20000,En_75_30_18
20010,En_75_30_78
20020,En_75_40
20030,En_75_50
20040,En_75_60
20050,En_75_70
20060,En_75_70_60
20070,En_75_80
20080,En_80
20090,En_80_05
20100,En_80_05_01
20110,En_80_05_02
20120,En_80_05_60
20130,En_80_20
20140,En_80_20_11
20150,En_80_20_12
20160,En_80_20_86
20170,En_80_35
20180,En_80_35_01
20190,En_80_35_05
20200,En_80_35_07
20210,En_80_35_09
20220,En_80_35_34
20230,En_80_35_35
20240,En_80_35_38
20250,En_80_35_56
20260,En_80_35_67
20270,En_80_35_74
20280,En_80_35_77
20290,En_80_35_88
20300,En_80_35_89
20310,En_80_35_90
20320,En_80_40
20330,En_80_40_02
20340,En_80_40_08
20350,En_80_40_10
20360,En_80_40_20
20370,En_80_40_30
20380,En_80_40_37
20390,En_80_40_66
20400,En_80_40_70
20410,En_80_40_90
20420,En_80_45
20430,En_80_45_08
20440,En_80_45_11
20450,En_80_45_17
20460,En_80_45_20
20470,En_80_45_55
20480,En_80_45_85
20490,En_80_45_89
20500,En_80_45_92
20510,En_80_50
20520,En_80_50_53
20530,En_80_50_58
20540,En_80_50_60
20550,En_80_50_62
20560,En_80_50_64
20570,En_80_50_68
20580,En_80_50_71
20590,En_80_50_74
20600,En_80_50_78
20610,En_80_50_83
20620,En_80_50_86
20630,En_80_50_87
20640,En_80_50_88
20650,En_80_50_90
20660,En_80_50_94
20670,En_80_50_95
20680,En_80_50_97
20690,En_80_70
20700,En_80_70_06
20710,En_80_70_11
20720,En_80_70_15
20730,En_80_70_46
20740,En_80_70_50
20750,En_80_70_52
20760,En_80_70_71
20770,En_80_90
20780,En_80_90_30
20790,En_80_90_66
20800,En_80_90_73
20810,En_80_90_90
20820,En_80_94
20830,En_80_94_05
20840,En_80_94_08
20850,En_80_94_11
20860,En_80_94_13
20870,En_80_94_30
20880,En_80_94_50
20890,En_80_94_85
20900,En_80_94_90
20910,En_80_94_92
20920,En_80_96
20930,En_80_96_20
20940,En_80_96_46
20950,En_80_96_49
20960,En_80_96_58
20970,En_80_96_70
20980,En_80_96_80
20990,En_80_96_90
21000,En_80_96_91
21010,En_80_96_92
21020,En_90
21030,En_90_10
21040,En_90_10_02
21050,En_90_10_62
21060,En_90_10_77
21070,En_90_30
21080,En_90_30_15
21090,En_90_30_95
21100,En_90_50
21110,En_90_50_02
21120,En_90_50_03
21130,En_90_50_28
21140,En_90_50_50
21150,En_90_50_53
21160,En_90_50_55
21170,En_90_50_68
21180,En_90_50_75
21190,En_90_50_80
21200,En_90_90
21210,En_90_90_09
21220,En_90_90_11
21230,En_90_90_27
21240,En_90_90_33
21250,En_90_90_35
21260,En_90_90_50
21270,En_90_90_64
21280,En_90_90_68
21290,En_90_90_80